{
  "project_info": {
    "project_number": "49173126332",
    "firebase_url": "https://proscheduler-bd29c.firebaseio.com",
    "project_id": "proscheduler-bd29c",
    "storage_bucket": "proscheduler-bd29c.appspot.com"
  },
  "client": [
    {
      "client_info": {
        "mobilesdk_app_id": "1:49173126332:android:045d82baf02c87a6c1c4b9",
        "android_client_info": {
          "package_name": "com.hexactive.proscheduler"
        }
      },
      "oauth_client": [
        {
          "client_id": "49173126332-34i103mbitt61tknen73pvhhfb3l6hud.apps.googleusercontent.com",
          "client_type": 1,
          "android_info": {
            "package_name": "com.hexactive.proscheduler",
            "certificate_hash": "aab1182a98a4e4db88fc80564dd3e8c56afb1a34"
          }
        },
        {
          "client_id": "49173126332-fe1ci2rfdudk77aih0k1ilo6bh0md3l5.apps.googleusercontent.com",
          "client_type": 3
        }
      ],
      "api_key": [
        {
          "current_key": "AIzaSyCPhv1gFRfYyHzfOklKgUHD67qO-U9RY2Y"
        }
      ],
      "services": {
        "appinvite_service": {
          "other_platform_oauth_client": [
            {
              "client_id": "49173126332-fe1ci2rfdudk77aih0k1ilo6bh0md3l5.apps.googleusercontent.com",
              "client_type": 3
            }
          ]
        }
      }
    }
  ],
  "configuration_version": "1"
}